{
  "G": 2051.3683881925585,
  "tau_b": 0.0420773002909452,
  "eta_s": 26.57153694837
}