{
  "G": 858.364444368317,
  "tau_b": 0.20359222190351903,
  "eta_s": 44.22572760416205
}