{
  "eta_p": 31682.79204871716,
  "lambda_1": 1533.9029920974656,
  "alpha": 0.2093417059732355,
  "eta_s": 0.2815039836493507
}