{
  "G_1": 1809.1199153509892,
  "C_1": 2.388458238704063,
  "gamma_dyn_1": 0.47680761474922184,
  "sigma_y0_1": 4.558313283838813,
  "delta_sigma_y_1": 7.350886415650779,
  "tau_thix_1": 75182938.37656371,
  "Gamma_1": 3864.929357451442,
  "G_2": 8.370267888179164,
  "C_2": 0.03321951895756203,
  "gamma_dyn_2": 8.962131189306762,
  "sigma_y0_2": 0.3148634685559022,
  "delta_sigma_y_2": 6.103943076943404,
  "tau_thix_2": 209162177.5610833,
  "Gamma_2": 0.3978419228204071,
  "eta_inf": 8.044444980227498
}