{
  "phi": 0.5500309120731579,
  "D0": 1.00000001e-10,
  "gamma_c": 0.09996909369768078
}