{
  "G_0": 1.3115664531574567,
  "tau_rep": 0.00014045521480418846,
  "tau_break": 718.8856366401508,
  "eta_s": 0.1250396675866114
}