{
  "G_0": 27.59509995392131,
  "tau_rep": 0.26631864289912743,
  "tau_break": 0.0026631829588165254,
  "eta_s": 2.6621852677352573e-12
}