{
  "G": 157.06458455572235,
  "tau_b": 0.20153908268235576,
  "eta_s": 5.460684512557097e-24
}