{
  "G0": 10.0,
  "sigma_y": 0.9872235478469156,
  "chi_inf": 0.15005076273692788,
  "tau0": 3.512083949722794e-06,
  "epsilon0": 0.1727998078527713,
  "c0": 0.9999879255051866,
  "ez": 0.8460145449326762,
  "tau_beta": 0.9999988424795808
}