{
  "phi": 0.5160000028289589,
  "D0": 9.999999867889478e-07,
  "gamma_c": 0.010000044651734553
}