{
  "alpha": 0.2735716989091419,
  "tau": 0.9102981779915218,
  "sigma_c": 93.21752060023478
}