{
  "alpha_true": 0.2093417059732355,
  "alpha_extracted_mean": 0.21009686265642266,
  "alpha_extracted_std": 0.006641554221520827,
  "N2_N1_theory": -0.10467085298661775,
  "N2_N1_measured_mean": -0.10504843132821133
}