{
  "G_0": 201.96819945150918,
  "eta_0": 999994.1829370325,
  "C_0": 489.6600666551021,
  "gamma_dyn_0": 64.33464708379812,
  "G_1": 76.67921691856112,
  "eta_1": 131526.62370435204,
  "C_1": 50.0,
  "gamma_dyn_1": 1.0,
  "m": 0.7490349396344164,
  "sigma_y0": 4.9645955697418405,
  "delta_sigma_y": 50.809374890132226,
  "tau_thix": 57891.43560742352,
  "Gamma": 34.6790223068886,
  "eta_inf": 0.09425814480881604,
  "mu_p": 0.000999999999999974,
  "alpha_structure": 0.8537437254902192
}