{
  "G_0": 695.8445486987583,
  "eta_0": 25749501.376100212,
  "C_0": 11.366971581830663,
  "gamma_dyn_0": 70.74298114890482,
  "G_1": 9.338930520494433,
  "eta_1": 217.89535106589892,
  "C_1": 50.0,
  "gamma_dyn_1": 1.0,
  "G_2": 0.012328517871695218,
  "eta_2": 7794.629520695051,
  "C_2": 5.0,
  "gamma_dyn_2": 1.0,
  "m": 0.6480278245610679,
  "sigma_y0": 1.891445171628013,
  "delta_sigma_y": 15.21544988785288,
  "tau_thix": 9185.195874209925,
  "Gamma": 7.85027890419342,
  "eta_inf": 23.987451595695454,
  "mu_p": 0.0010000133254199149,
  "alpha_structure": 0.7219110786375791
}