{
  "x": 0.7753087381409316,
  "G0": 357.32809674842025,
  "tau0": 0.1250829816676382
}