{
  "G_0": 999.9989056447232,
  "eta_0": 1000000.1032515431,
  "C_0": 499.9981540675333,
  "gamma_dyn_0": 1.9097759670915275,
  "G_1": 157.48637546225893,
  "eta_1": 100000.02478325917,
  "C_1": 36.0644399904133,
  "gamma_dyn_1": 2.102320040496814,
  "G_2": 20.345789552830254,
  "eta_2": 10000.820492552304,
  "C_2": 4.999970127390625,
  "gamma_dyn_2": 1.2768032764208121,
  "m": 1.0022081350043646,
  "sigma_y0": 0.05997309028554481,
  "delta_sigma_y": 102.62353688472814,
  "tau_thix": 2019.3406279206476,
  "Gamma": 0.8227309164333265,
  "eta_inf": 0.0999993093903446,
  "mu_p": 0.001,
  "alpha_structure": 0.7000242644338803
}