{
  "G_1": 300.4267618990188,
  "C_1": 9220.992880589449,
  "gamma_dyn_1": 2.130534122163162,
  "sigma_y0_1": 402.26065982835377,
  "delta_sigma_y_1": 76.98013555770818,
  "tau_thix_1": 0.09999999999943783,
  "Gamma_1": 338.306396219756,
  "G_2": 462.7833347110478,
  "C_2": 9221.964158421079,
  "gamma_dyn_2": 0.9923665741043594,
  "sigma_y0_2": 402.56323313453197,
  "delta_sigma_y_2": 2.6582931065260444,
  "tau_thix_2": 1.0,
  "Gamma_2": 338.30639621975786,
  "eta_inf": 2761.8194881316886
}