{
  "G": 1000.6881210331857,
  "eta": 1487222.8991395459,
  "C": 500.0,
  "gamma_dyn": 1.0,
  "m": 1.0,
  "sigma_y0": 10.0,
  "delta_sigma_y": 50.0,
  "tau_thix": 1.0,
  "Gamma": 0.5,
  "eta_inf": 0.1,
  "mu_p": 0.001
}