{
  "G_0": 37.367348715708374,
  "tau_R_0": 0.0009821662199212906,
  "G_1": 11.406620804934276,
  "tau_R_1": 0.034777809216241864,
  "G_2": 12.602832014336828,
  "tau_R_2": 0.00417178893132926,
  "tau_s": 7.446753687314032e-05,
  "eta_s": 0.05388282457714397
}