{
  "x": 1.0164641594061137,
  "G0": 33.70749398407571,
  "tau0": 16.480806500813653
}