{
  "0.69": {
    "x": 1.1827363740721322,
    "G0": 72.32815659089,
    "tau0": 7.219584794293383e-05,
    "R2": 0.8231457207971274,
    "regime": "power-law"
  },
  "0.7": {
    "x": 1.1792331318057014,
    "G0": 101.09592237626356,
    "tau0": 0.00010112334145634284,
    "R2": 0.8163874735380868,
    "regime": "power-law"
  },
  "0.72": {
    "x": 1.1734755542164093,
    "G0": 120.96464985402451,
    "tau0": 0.00012096092962250245,
    "R2": 0.8216562496748143,
    "regime": "power-law"
  },
  "0.74": {
    "x": 1.1667950964317177,
    "G0": 142.19587945353024,
    "tau0": 0.00014214316561939289,
    "R2": 0.8352314490601646,
    "regime": "power-law"
  },
  "0.76": {
    "x": 1.1618472965817923,
    "G0": 179.94362909090307,
    "tau0": 0.00017995593566471133,
    "R2": 0.8507002364696455,
    "regime": "power-law"
  },
  "0.8": {
    "x": 1.1609932852130682,
    "G0": 229.68962691199718,
    "tau0": 0.000229672660258318,
    "R2": 0.8652736301249657,
    "regime": "power-law"
  }
}