{
  "phi": 0.5496299047607062,
  "D0": 9.223516385037096e-10,
  "gamma_c": 0.09992598095216225
}