{
  "G_0": 132.66285315146257,
  "tau_b_0": 1.0474998109687108,
  "G_1": 1394.642142000719,
  "tau_b_1": 0.066886063091199,
  "eta_s": 34.296169549166265
}