{
  "G_0": 690.1575768880173,
  "tau_b_0": 0.1748917677680981,
  "G_1": 2193.7832227414124,
  "tau_b_1": 0.020176492830829285,
  "eta_s": 17.804379793012746
}