{
  "is_glass": true,
  "epsilon": 0.050000000000000044,
  "v2_critical": 4.0,
  "f_neq": 0.23809523809523808,
  "lambda_exponent": 1.0
}