{
  "mu": 0.9645227915332939,
  "tau_pl": 34.705628053461304,
  "sigma_c_mean": 4.547714838091363,
  "sigma_c_std": 1.0430505957674852
}