{
  "G_0": 402.06116525075123,
  "tau_rep": 2.2742119894974286,
  "tau_break": 0.017860236140165377,
  "eta_s": 1.149321466466193e-07
}