{
  "G": 962506131.9684689,
  "eta": 776996313275.8944,
  "C": 582826037.8977518,
  "gamma_dyn": 1317.0244862218524,
  "m": 0.661928198367722,
  "sigma_y0": 1.4030399595240668,
  "delta_sigma_y": 977554409.2140503,
  "tau_thix": 16765674676.059383,
  "Gamma": 7352.563852097051,
  "eta_inf": 0.5189637248106286,
  "mu_p": 51.48165988510946
}