{
  "G_0": 999.9999999976314,
  "eta_0": 1000000.0023634117,
  "C_0": 499.999999999973,
  "gamma_dyn_0": 0.9999999979387344,
  "G_1": 99.9999999999954,
  "eta_1": 100000.00002059735,
  "C_1": 49.999999999999964,
  "gamma_dyn_1": 0.9999999999981537,
  "G_2": 10.001747123557678,
  "eta_2": 10000.00000848517,
  "C_2": 4.999999999999538,
  "gamma_dyn_2": 1.0000000091945074,
  "m": 0.9999999918563831,
  "sigma_y0": 9.999999999995968,
  "delta_sigma_y": 50.00004097295508,
  "tau_thix": 4.102827795160094,
  "Gamma": 0.500000047546266,
  "eta_inf": 0.10000034833426669,
  "mu_p": 0.001,
  "alpha_structure": 0.6999999999987182
}