{
  "G": 9.809884901080439,
  "eta": 394.8184293801432,
  "C": 452.2128119530993,
  "gamma_dyn": 11.158533504318257,
  "m": 1.0306607943379615,
  "sigma_y0": 9.582655322339717,
  "delta_sigma_y": 53.07459517417026,
  "tau_thix": 62.58015978742242,
  "Gamma": 93.37070595271382,
  "alpha_structure": 0.732069750780685,
  "eta_inf": 29.209974820490864,
  "mu_p": 0.001
}