{
  "G": 47636.447049816874,
  "tau_b": 0.043188376948057605,
  "tau_a": 1821.2893359838508,
  "nu": 0.8731387015654306,
  "f_B_eq": 0.03863723861318731,
  "eta_s": 28.529668124273353
}