{
  "x": 1.8763887577364629,
  "G0": 745.4880676470297,
  "tau0": 92.26887046153924
}