Angular Frequency,Storage Modulus,Loss Modulus
0.1,1539.500358,148.0315951
0.2,1579.352146,141.7469599
0.3,1599.523534,139.4771674
0.4,1622.814735,140.4908512
0.6,1660.211588,139.3145279
0.8,1694.27382,139.0209585
1.0,1711.386767,137.7740558
2.0,1755.135765,137.0549642
2.5,1767.124034,136.314392
3.0,1776.555079,136.3645136
4.0,1789.412804,135.9001216
5.0,1798.946137,136.4729399
6.0,1805.871102,137.038598
7.0,1812.530114,142.2461302
8.0,1825.254864,161.673877
10.0,1816.693276,134.0374392
,,
,,
,,
,,
,,
,,
,,
,,
,,
,,
,,
,,
,,
,,
,,
,,
,,
,,
,,
,,
,,
,,
,,
,,
,,
,,
,,
,,
,,
,,
,,
,,
,,
,,
,,
,,
,,
,,
,,
,,
,,
,,
,,
,,
,,
,,
,,
,,
,,
,,
,,
,,
,,
,,
,,
,,
,,
,,
,,
,,
,,
,,
