Angular Frequency,Storage Modulus,Loss Modulus
0.1,1572.584184,134.9990993
0.2,1616.792482,129.2212908
0.3,1632.471773,126.0113972
0.4,1641.183617,124.8055319
0.6,1668.242057,123.1513972
0.8,1694.894823,123.0236099
1.0,1719.052695,122.5520142
2.0,1760.319858,121.5702837
2.5,1774.812553,121.2416879
3.0,1788.534468,121.6412766
4.0,1804.193475,121.4962482
5.0,1815.085816,121.5702837
6.0,1821.830142,120.2143191
7.0,1823.310851,117.051078
8.0,1810.177163,104.3463901
10.0,1827.915248,119.729539
,,
,,
,,
,,
,,
,,
,,
,,
,,
,,
,,
,,
,,
,,
,,
,,
,,
,,
,,
,,
,,
,,
,,
,,
,,
,,
,,
,,
,,
,,
,,
,,
,,
,,
,,
,,
,,
,,
,,
,,
,,
,,
,,
,,
,,
,,
,,
,,
,,
,,
,,
,,
,,
,,
,,
,,
,,
,,
,,
,,
,,
,,
,,
,,
,,
,,
,,
,,
,,
,,
,,
,,
,,
,,
,,
,,
,,
,,
