{
  "G": 250.416568753751,
  "tau_b": 0.09948586209023763,
  "eta_s": 0.6884990268722351
}