{
  "G": 10719132.869354285,
  "tau_y": 571605.1229973764,
  "K": 146193.8673165103,
  "n_flow": 0.2615733616420269,
  "f_eq": 3.37483643906559e-05,
  "f_inf": 0.8034796329712638,
  "theta": 7732.398842021617,
  "a": 39.98668747900343,
  "n_rejuv": 0.8289466518402029,
  "xi": 0.00040956198230639754
}