{
  "G": 12204831.891711006,
  "tau_y": 933480.2165561611,
  "K": 428446.6889906349,
  "n_flow": 1.2932699738614875,
  "f_eq": 3.364871184523819e-05,
  "f_inf": 0.1532698347290983,
  "theta": 416.0968563295595,
  "a": 93.31568559982351,
  "n_rejuv": 1.2150451054473699,
  "xi": 0.0003140816262289557
}