{
  "G": 999999.9999999988,
  "tau_y": 1000.0,
  "K": 1000.0,
  "n_flow": 0.5,
  "f_eq": 1.5583636728360403e-06,
  "f_inf": 0.001,
  "theta": 10.0,
  "a": 1.0,
  "n_rejuv": 1.0
}