{
  "nlsq_r2_nonlocal": 0.1136717711215608,
  "nlsq_r2_local": 0.1136717711215608,
  "nlsq_rmse_nonlocal": 1553195.2721900013,
  "nlsq_rmse_local": 1553195.2721900013,
  "bayesian_convergence": {
    "G": {
      "r_hat": 1.0,
      "ess": 500.0
    },
    "tau_y": {
      "r_hat": 1.0,
      "ess": 500.0
    },
    "K": {
      "r_hat": 1.0,
      "ess": 500.0
    },
    "n_flow": {
      "r_hat": 1.0,
      "ess": 500.0
    },
    "f_eq": {
      "r_hat": 1.0,
      "ess": 500.0
    },
    "f_inf": {
      "r_hat": 1.0,
      "ess": 500.0
    },
    "theta": {
      "r_hat": 1.0,
      "ess": 500.0
    },
    "a": {
      "r_hat": 1.0,
      "ess": 500.0
    },
    "n_rejuv": {
      "r_hat": 1.0,
      "ess": 500.0
    },
    "xi": {
      "r_hat": 1.0,
      "ess": 500.0
    }
  },
  "cooperativity_length_um": {
    "nlsq": 314.0816262289557,
    "median": 498.7291207175035,
    "ci_95": [
      26.827703328828253,
      976.3333834512634
    ]
  }
}