{
  "G0": 251.6521273454733,
  "sigma_y": 0.22500999845134861,
  "chi_inf": 0.06718822207743759,
  "tau0": 0.24235281968993871,
  "epsilon0": 0.08180771205950241,
  "c0": 0.9999999999999999,
  "ez": 1.8199890436238029,
  "tau_beta": 1.0
}