{
  "G_0": 7.818729772327979,
  "tau_rep": 0.0018428134012873562,
  "tau_break": 2.508082882787163e-05,
  "eta_s": 1.0363919504569397
}