{
  "G": 283.2292413964595,
  "eta": 1999990.1712590784,
  "C": 492.9026680099354,
  "gamma_dyn": 1.878649475993093,
  "m": 1.0164939844721785,
  "sigma_y0": 9.984776668496696,
  "delta_sigma_y": 49.92411640880269,
  "tau_thix": 156.09982733516998,
  "Gamma": 3.5061706776638792,
  "eta_inf": 0.09986088317646745,
  "mu_p": 0.0009999982621526104
}