{
  "G": 999.924568748447,
  "eta": 1170291.0959901274,
  "C": 500.51345439393634,
  "gamma_dyn": 1.0001444390993897,
  "m": 0.9999999783738185,
  "sigma_y0": 0.005089029474677054,
  "delta_sigma_y": 74.74874629118122,
  "tau_thix": 376.6029650231917,
  "Gamma": 0.4999117582081097,
  "alpha_structure": 0.500000009070812,
  "eta_inf": 0.1,
  "mu_p": 0.008617213114857131
}