{
  "mu": 19.999996600153704,
  "tau_pl": 0.35119239412889747,
  "sigma_c_mean": 91.66763467751164,
  "sigma_c_std": 1.8705313147957838,
  "smoothing_width": 24.939596521343162
}