{"mu": [19.99999775447191, 19.999998273208732, 19.99999823900336, 19.999997515932733, 19.999996973616962, 19.999997359238197, 19.99999732034885, 19.999996620318697, 19.999994771193887, 19.999995305698764, 19.999995845046087, 19.99999657998871, 19.99999698276193, 19.999997247621614, 19.999997536748403, 19.999997221636114, 19.99999525269995, 19.999995285460272, 19.99999506865434, 19.999996445787495, 19.9999984890012, 19.999998471105826, 19.99999763640316, 19.99999763196315, 19.999997670099475, 19.999997994990046, 19.999998013061266, 19.999998469546707, 19.999997777482267, 19.999996893757046, 19.999996033860832, 19.999996067686514, 19.99999664148474, 19.99999762462541, 19.999998109835165, 19.999998535637268, 19.999998821095623, 19.999998702925463, 19.99999856236013, 19.999998530119175, 19.999998819191287, 19.99999900660211, 19.99999896034467, 19.999998129682623, 19.999998612766372, 19.999998558246418, 19.999996909286725, 19.999996926128162, 19.99999779160138, 19.99999778036102, 19.99999790927826, 19.99999747702815, 19.999997661861208, 19.99999755584917, 19.999997497577894, 19.99999726586323, 19.999997591065505, 19.999998689850397, 19.99999804246987, 19.999997044365276, 19.999995686240137, 19.999996175716074, 19.999995163449135, 19.99999480075444, 19.999994885425544, 19.99999464851759, 19.99999465108446, 19.99999468452793, 19.999994658803313, 19.99999478356971, 19.999994709175198, 19.99999275418252, 19.999992034346935, 19.99999245261522, 19.99999176346454, 19.999991992862206, 19.9999919968953, 19.99998989146392, 19.999991119362942, 19.999991119732726, 19.999991334175302, 19.9999915547983, 19.99999159754748, 19.999991879897323, 19.99999091179972, 19.99998912808507, 19.999989441422354, 19.999987934368864, 19.99998922388217, 19.999983747568837, 19.99998584544487, 19.99998140896878, 19.999968040592925, 19.99995333617731, 19.99995517238461, 19.999952577614206, 19.99994649435536, 19.999939676272337, 19.999936737553632, 19.999936906277938], "tau_pl": [0.32448087861454505, 0.3462421066919306, 0.3630199398488151, 0.37941848980657544, 0.3476025679179299, 0.34670702623699046, 0.3624770781155202, 0.3273665487754671, 0.3368447898746601, 0.3510413173009291, 0.3159212621660341, 0.32198284886197076, 0.3228687993585915, 0.3611692114556252, 0.3608932162871039, 0.33577092140917675, 0.34143003924269827, 0.3413049506541799, 0.33052285571047346, 0.3295361268505008, 0.35928703525387196, 0.348624252734719, 0.3661703528020481, 0.3662558064888896, 0.36565497666845714, 0.3551550519610263, 0.3416466841792569, 0.37787650784998644, 0.3912124688160129, 0.39450776656366704, 0.3750731020861831, 0.3670576630959899, 0.3931475972567026, 0.37198425805622093, 0.330222984378383, 0.378981562413268, 0.31608973830748377, 0.3376299790913685, 0.3471073647100639, 0.34481204898058715, 0.36680654967289245, 0.3155571291251422, 0.32628609272109055, 0.352553101683352, 0.32963336881852817, 0.318549993332229, 0.38638012919027526, 0.33257071488202156, 0.3311208255225588, 0.3342489110860039, 0.34666314675433463, 0.33535926663651694, 0.329005634279894, 0.3709502589518129, 0.3611928764243144, 0.3287535711499041, 0.3498581492721334, 0.31323265344734025, 0.333440990316206, 0.3969724380721978, 0.3738649838430824, 0.37467621676513885, 0.3647525056977914, 0.34788329032662274, 0.35426777348535554, 0.3637122427901649, 0.36373931093042033, 0.3639197550731867, 0.3641776857326622, 0.36710669999852263, 0.36773164060918084, 0.3623788270074214, 0.36496273069344753, 0.3646120316198907, 0.3629145558356425, 0.3612699249100237, 0.3609733721426563, 0.3513434709568659, 0.3573566027347829, 0.35766049959331514, 0.35554316839530475, 0.35741827885251565, 0.3581472466024527, 0.36157139572635655, 0.34133120022770846, 0.33932270836266265, 0.33670745697593674, 0.33716724622564803, 0.3343163138932677, 0.35590319466951564, 0.36233740071404447, 0.32831124937549677, 0.3578657856428378, 0.3425960881708008, 0.33292126406274203, 0.33010158066133555, 0.33897448559162635, 0.3350927631107836, 0.33060297161376667, 0.34634325011892736], "sigma_c_mean": [96.07613331897056, 95.80117643983988, 96.43896237640514, 95.11549624532611, 92.70958706906234, 93.29979914438434, 92.61991715832505, 90.5061370022291, 82.52442896649436, 87.00690649524473, 91.10690330008761, 94.04401752729008, 94.36107709240915, 95.59446999190743, 92.60516460533992, 91.54919442369643, 93.61045046734051, 93.90969080392888, 88.99530998384914, 89.64947335424083, 89.33345920095833, 91.78607493132685, 94.43092514406746, 94.53452785686072, 94.50720018223474, 92.2850513430729, 74.94877594090873, 84.57825979143041, 82.77535960163138, 88.95057539679874, 95.27955098216351, 95.98941300059256, 94.3806820551595, 94.16513766799285, 97.30057317646002, 94.78428086402394, 98.17539810699098, 97.32795767162135, 97.8202207984202, 97.68884889232649, 97.77853689296035, 89.25814257313792, 89.3663300225262, 89.23306918528229, 92.96916389003997, 92.57436971234804, 87.01073973057132, 90.70586066945226, 92.6799148091236, 92.15575163831589, 93.81859561659114, 96.48527101395965, 93.51129225142404, 96.13226252788773, 95.63444587895313, 95.70065471990814, 95.85200207653166, 93.7266396906168, 89.3062264514488, 92.49179995343772, 90.3793015574293, 89.78418105080821, 90.3917578698745, 90.60576086792277, 90.23021957472383, 89.88527460640431, 89.87246857667388, 89.91862831877768, 89.99247729550564, 89.9588655398529, 89.93014491075269, 88.30731915320607, 89.22561482644372, 89.25490233365633, 88.4566737286828, 88.47221520491335, 88.38387279263314, 87.96603240475935, 89.77677438712794, 89.66541692253166, 90.05965849499664, 89.98444443645572, 89.93372020767163, 89.73156756758625, 76.68414589840214, 82.10844939644512, 83.1796715248686, 86.81109365290594, 87.48630626295805, 91.50242815212862, 90.56832931987408, 90.87195219280407, 93.59598621234177, 94.0927607361697, 96.89128325503764, 96.28996876680168, 96.43190346009081, 97.1354690603216, 97.24051023745777, 95.96697430299831], "sigma_c_std": [0.37660886228696466, 0.6429498363832286, 0.7030036286469649, 0.9344180724693374, 0.8394284085325898, 0.8882913591672363, 0.9594836117317345, 0.9340123393236501, 0.7488087029883926, 0.8550026806938792, 0.7390868033118191, 0.8137167155628596, 0.6280746112851673, 0.5882109516287302, 0.5747591782050374, 0.6928084348969613, 0.8135232878995884, 0.8406023893238723, 0.8662072440178861, 0.74156914570727, 0.4861488323774636, 0.450173933784258, 0.44802355178597747, 0.454090104179935, 0.4506046965824833, 0.41585511651011164, 0.5823095156954046, 0.6291946325508855, 0.4546222549365445, 0.5533866433724872, 0.6140512972890562, 0.6500567579918087, 0.6818060682672171, 0.8369945330293111, 1.2160100080622254, 1.10446719905161, 0.9433239738130798, 0.6809444793348435, 0.7199042133910724, 0.6790545305590919, 0.7074302405278917, 0.6448763918877684, 0.5308378572256844, 0.7032874891781602, 0.6150267774470317, 0.9432792186140345, 1.0296121301546013, 1.2741167621598757, 1.9784398628569615, 1.9885386262914142, 1.651470485363066, 1.8707738848014615, 2.0942851782180516, 2.2911411189352675, 1.8702887447901064, 1.9194451640902277, 2.0193657692638416, 2.3592043942681262, 2.3863463452509923, 2.838553292935572, 3.1326830227605855, 3.442727934017134, 3.910231539566176, 3.6469426702377077, 3.58317801345652, 3.4855620766316044, 3.486732741823744, 3.4795959030882817, 3.4794306714359076, 3.455449588822502, 3.4228652034393443, 4.0125779077814805, 3.988986920631796, 4.041291080951493, 3.9567146376954954, 3.965541036265035, 3.9601551578528076, 4.9504971373484565, 5.127370985249405, 5.13945158471768, 5.170920010059094, 5.186891757725629, 5.171980097257464, 5.251968863763694, 5.069783326691486, 5.4707123008652445, 5.4546713763840895, 5.230376448707643, 4.969011962533503, 5.071734907623819, 5.787335976615077, 5.58010732591862, 6.204695396140389, 7.26128418288394, 7.230957381145518, 7.288525167505964, 6.654769957667835, 6.520850077865599, 6.426179355762577, 6.531113143248453],