{
  "G_0": 32.47441418003769,
  "tau_R_0": 2343.4475602722596,
  "G_1": 1930.4973461490342,
  "tau_R_1": 0.00038892634472632176,
  "G_2": 563.7779581110422,
  "tau_R_2": 0.16711726274196026,
  "tau_s": 0.025539289724180715,
  "eta_s": 22.11291067153821
}