{
  "G_0": 43.49750745498019,
  "tau_R_0": 0.6370743346998581,
  "G_1": 47.84897355086099,
  "tau_R_1": 0.06854796028399839,
  "G_2": 31.149929109703027,
  "tau_R_2": 0.4829311610481113,
  "tau_s": 0.023144113040379957,
  "eta_s": 0.00011124788501924742
}