{
  "G": 1000.0,
  "eta": 1526930.0465510616,
  "C": 21097.131327516454,
  "gamma_dyn": 2.959503127720211,
  "m": 0.5093490139507147,
  "sigma_y0": 1.3282466285051147,
  "delta_sigma_y": 0.03586209538534657,
  "tau_thix": 37773396.54199287,
  "Gamma": 3124.521186201825,
  "alpha_structure": 0.7000000000000006,
  "eta_inf": 0.5119303560344266,
  "mu_p": 0.0010360249555829298
}