{
  "is_glass": true,
  "epsilon": 0.049856209419898434,
  "v2_critical": 4.0,
  "f_neq": 0.23812784811087853,
  "lambda_exponent": 1.0
}