{
  "v2": 4.199424837679594,
  "Gamma": 50.541147880991744,
  "gamma_c": 0.09444364539848481,
  "G_inf": 999944.7574000958
}