{
  "G_0": 5.896667834482082,
  "tau_R_0": 0.026953791650328476,
  "G_1": 14.623361921414771,
  "tau_R_1": 0.0037516022979936494,
  "G_2": 11.819075261865207,
  "tau_R_2": 0.0005868494162217064,
  "tau_s": 0.003635920446668663,
  "eta_s": 2.529704324793882e-05
}