{
  "G_0": 64712548.75162046,
  "tau_R_0": 7970.530612760339,
  "G_1": 90728199.04954375,
  "tau_R_1": 5729.068621771687,
  "G_2": 75587907.89637227,
  "tau_R_2": 3.2181586561239586,
  "tau_s": 0.01995159775755283,
  "eta_s": 1062.4190515883367
}