{
  "parameters": {
    "G": 99909.63127704633,
    "eta_s": 997.7881758747598,
    "tau_y0": 88210.2969592296,
    "K_HB": 75881.86109750227,
    "n_HB": 1.4188752339445145,
    "f_age": 0.00010417335328208518,
    "f_flow": 0.4280034205829121,
    "t_a": 21124.244002625335,
    "b": 782.8779355444105,
    "n_rej": 2.2316778304518574
  },
  "r_squared": -0.4932680037087602,
  "rmse": 46446.664993186416
}