{
  "G": 1.3840488525507941,
  "eta": 55667.95727369841,
  "C": 369.29482377346034,
  "gamma_dyn": 154.08430212820411,
  "m": 1.0071888750196498,
  "sigma_y0": 6.791526559063708,
  "delta_sigma_y": 37.32169313955506,
  "tau_thix": 3605.5202607844008,
  "Gamma": 2159.4091952452186,
  "eta_inf": 10.889586039000509,
  "mu_p": 0.001
}