{
  "G_0": 18.765104727802026,
  "tau_b_0": 0.035602452867014134,
  "G_1": 18.76513138782652,
  "tau_b_1": 0.003561114401579673,
  "eta_s": 3.5601503565773522e-12
}