{
  "G_0": 2076.8745158983443,
  "tau_rep": 0.00018421812714171162,
  "tau_break": 9.908467820642358,
  "eta_s": 26.56915483319353
}