{
  "G_0": 392.3519509673824,
  "eta_0": 9165345018.16459,
  "C_0": 500.0,
  "gamma_dyn_0": 1.0,
  "G_1": 0.17398136955509244,
  "eta_1": 1326620537.5672536,
  "C_1": 50.0,
  "gamma_dyn_1": 1.0,
  "G_2": 20.78498024673185,
  "eta_2": 740952479.517237,
  "C_2": 5.0,
  "gamma_dyn_2": 1.0,
  "m": 1.0,
  "sigma_y0": 10.0,
  "delta_sigma_y": 50.00469227768251,
  "tau_thix": 1.0000000134360407,
  "Gamma": 0.4999999636065315,
  "eta_inf": 1.2348572323721337e-11,
  "mu_p": 0.0009999999999698442,
  "alpha_structure": 0.5000000034220461
}