{
  "x": 1.8041696625082562,
  "G0": 1.968223733983697,
  "tau0": 0.05357247379222276
}