{
  "constant": {
    "I3_I1_ratio": 0.0012243169286778827
  },
  "bell": {
    "I3_I1_ratio": 0.037144130698496584
  }
}