{
  "G": 606702.7183542411,
  "f_eq": 3.075011228533358e-06,
  "theta": 10.0
}