{
  "G": 537546.2297938943,
  "f_eq": 1.6401259098985127e-06,
  "theta": 10.0
}