Angular Frequency,Storage Modulus,Loss Modulus
0.1,5.432427103,7.552702804
0.2,8.461014953,11.2308972
0.3,11.30306542,13.85085047
0.4,13.50656075,15.97323364
0.6,16.93023364,19.67704673
0.8,20.68452336,21.80395327
1.0,23.06823364,24.13338318
2.0,34.39854206,33.58413084
2.5,38.32369159,37.0563271
3.0,41.65833645,40.23347664
4.0,47.95270093,45.12385047
5.0,54.78914953,50.10119626
6.0,59.25391589,54.19628037
7.0,64.86062617,57.57317757
8.0,67.78847664,62.07896262
10.0,77.24117757,66.55524299
,,
,,
,,
,,
,,
,,
,,
,,
,,
,,
,,
,,
,,
,,
,,
,,
,,
,,
,,
,,
,,
,,
,,
,,
,,
,,
,,
,,
,,
,,
,,
,,
,,
,,
,,
,,
,,
,,
,,
,,
