{
  "G": 1000.0,
  "eta": 100.16566752657411,
  "C": 13759.060164256638,
  "gamma_dyn": 1.6208908837854266,
  "m": 1.3688639581603197,
  "sigma_y0": 1.3282466189671343,
  "delta_sigma_y": 0.01782722212095278,
  "tau_thix": 41192258.98250601,
  "Gamma": 3351.3932348092994,
  "eta_inf": 0.5129663811454421,
  "mu_p": 0.001
}