{
  "x": 0.9158455397389544,
  "G0": 32.78850648242147,
  "tau0": 18.212995489003497
}