{
  "time": [
    0.1,
    0.11242100350620865,
    0.1263848202934298,
    0.14208308325339222,
    0.15973122800602543,
    0.179571449437164,
    0.2018760254679039,
    0.2269510536694669,
    0.25514065200312885,
    0.2868316813342011,
    0.32245905452963947,
    0.3625117049988533,
    0.4075392965871777,
    0.45815976690544913,
    0.5150678076168125,
    0.5790443980602488,
    0.6509675230458171,
    0.7318242219076176,
    0.822724134170047,
    0.9249147277217336,
    1.03979841848149,
    1.1689518164985782,
    1.3141473626117568,
    1.4773776525985112,
    1.6608827826277157,
    1.8671810912919207,
    2.0991037201085545,
    2.3598334667821947,
    2.6529484644318972,
    2.982471286216891,
    3.3529241492495583,
    3.7693909753883617,
    4.237587160604064,
    4.763938010401343,
    5.355666917706899,
    6.020894493336131,
    6.768750009458534,
    7.609496685459879,
    8.554672535565684,
    9.617248711152964,
    10.811807510766078,
    12.154742500762872,
    13.664483492953257,
    15.36174946671828,
    17.26983290659436,
    19.414919457438817,
    21.826447283974872,
    24.537511066398192,
    27.58531617629184,
    31.011689265747787,
    34.863652276780876,
    39.194067748472214,
    44.06236427773573,
    49.53535208959175,
    55.68813990945273,
    62.605165720148214,
    70.38135554931561,
    79.12342618981327,
    88.95134973108236,
    100.0
  ],
  "sigma_below": 80.0,
  "sigma_above": 120.0,
  "gamma_below": [
    -6.367172006256633e-05,
    -0.00011766697752941086,
    0.00011763375573586072,
    0.0001769022287690477,
    0.0001684854314604197,
    0.00014822193522566135,
    0.0002366328849416876,
    -7.122339169292776e-05,
    6.327173155130616e-05,
    2.0316334541578874e-05,
    0.0002803516612472844,
    -0.00014853305355950195,
    0.00012384166743302898,
    0.00013566986298953649,
    9.129216920256131e-05,
    7.60517368803584e-05,
    0.0001524127465026094,
    9.525368346861396e-05,
    0.00016727289807547534,
    0.00017235884123501433,
    0.0002427997222899555,
    -5.913335596594737e-05,
    0.00031777243291880033,
    -9.131967096611998e-06,
    0.0002345752622414763,
    0.0002569883743654789,
    4.844741553708364e-05,
    0.000278945236711884,
    9.335919339891629e-05,
    0.00022723685295168318,
    0.0004162267502441781,
    0.0003762730923417152,
    0.0005004101154587684,
    0.0005350309176783104,
    0.0006081749049755453,
    0.000548132659084094,
    0.0007178488791779836,
    0.0008005546045042503,
    0.0007725374761356999,
    0.0011840759141035053,
    0.0009697906040816472,
    0.001190080772626101,
    0.0011760509823289483,
    0.0014846549944046163,
    0.0016992514488449167,
    0.0020099424279924126,
    0.0022445041331332614,
    0.002644023381250863,
    0.003086599873264315,
    0.0032798147026672,
    0.0038131106522455655,
    0.004482382594446572,
    0.005050616786121977,
    0.005675464189442764,
    0.00654092819798821,
    0.007503542530653266,
    0.008461474090910932,
    0.009623357049806122,
    0.010959258368961642,
    0.012236148535596863
  ],
  "gamma_above": [
    -0.0002187000065924882,
    0.00014997309758857258,
    -0.0002027703123920305,
    5.613463754661289e-05,
    4.483553578382241e-05,
    0.000160600523275985,
    0.0002730099299302882,
    0.00027373031656713305,
    0.0003169619951438287,
    8.330997312546397e-05,
    0.000356783566244764,
    -0.00013500134621287525,
    9.100503578899954e-05,
    -0.0004765846287583892,
    -7.80736726731671e-05,
    6.184386212761085e-05,
    -0.000140240926380173,
    -0.00014471838582791072,
    0.00013300704745677674,
    -9.204153130256125e-05,
    0.00014276238842495385,
    -0.00017835777738773635,
    3.685176088387701e-05,
    -0.00011215630890015524,
    0.00024326728261940311,
    2.9299183946011165e-05,
    0.0005393640178900363,
    0.00046263640763606666,
    0.00011079338378791885,
    0.00025081673392924155,
    0.0001756474684026226,
    0.00038428538145246813,
    0.0007045262895804605,
    0.0009003442230316292,
    0.0007533085532468223,
    0.0008626299219193682,
    0.00037659205925185,
    0.0004756259585693073,
    0.001265486611291097,
    0.0010472959493894643,
    0.0014066849672458484,
    0.0023160482046047904,
    0.0022430700217117598,
    0.002770374444078325,
    0.003412320584650216,
    0.003169597457098473,
    0.003792013786706735,
    0.004850728602586291,
    0.005049066106102814,
    0.00584146114259329,
    0.006323008669370836,
    0.008109140898415452,
    0.009240922867637752,
    0.010965693922874062,
    0.012708032324430097,
    0.014315561933128754,
    0.016703741384017045,
    0.019257746500394173,
    0.02212428382994753,
    0.02563610442145694
  ]
}