{
  "time": [
    0.1,
    0.11242100350620865,
    0.1263848202934298,
    0.14208308325339222,
    0.15973122800602543,
    0.179571449437164,
    0.2018760254679039,
    0.2269510536694669,
    0.25514065200312885,
    0.2868316813342011,
    0.32245905452963947,
    0.3625117049988533,
    0.4075392965871777,
    0.45815976690544913,
    0.5150678076168125,
    0.5790443980602488,
    0.6509675230458171,
    0.7318242219076176,
    0.822724134170047,
    0.9249147277217336,
    1.03979841848149,
    1.1689518164985782,
    1.3141473626117568,
    1.4773776525985112,
    1.6608827826277157,
    1.8671810912919207,
    2.0991037201085545,
    2.3598334667821947,
    2.6529484644318972,
    2.982471286216891,
    3.3529241492495583,
    3.7693909753883617,
    4.237587160604064,
    4.763938010401343,
    5.355666917706899,
    6.020894493336131,
    6.768750009458534,
    7.609496685459879,
    8.554672535565684,
    9.617248711152964,
    10.811807510766078,
    12.154742500762872,
    13.664483492953257,
    15.36174946671828,
    17.26983290659436,
    19.414919457438817,
    21.826447283974872,
    24.537511066398192,
    27.58531617629184,
    31.011689265747787,
    34.863652276780876,
    39.194067748472214,
    44.06236427773573,
    49.53535208959175,
    55.68813990945273,
    62.605165720148214,
    70.38135554931561,
    79.12342618981327,
    88.95134973108236,
    100.0
  ],
  "sigma_below": 80.0,
  "sigma_above": 120.0,
  "gamma_below": [
    0.00014037668083085656,
    0.00023999215763499958,
    0.0002529024950983678,
    0.00014432509170479488,
    -2.9091419604545652e-05,
    2.5088847551241667e-05,
    -2.3337568840203853e-05,
    2.9999926588201168e-05,
    -0.00012913105242302438,
    -6.9763535578288495e-06,
    4.011759960539876e-05,
    7.558921925204153e-05,
    -5.456734557607072e-05,
    0.0001322573896276203,
    0.00026635410272103123,
    2.0233368823367945e-05,
    0.0003848740478498345,
    -9.05636812324896e-05,
    2.3174526786539166e-05,
    8.364605662942532e-05,
    0.00023581329295785597,
    0.0002450838720225231,
    4.89715250115121e-05,
    7.512102064543468e-05,
    -0.00012135149700142619,
    8.589666198036331e-05,
    1.335886073742921e-05,
    0.00021731361935192878,
    0.0002464718907122669,
    0.0004350093830987065,
    0.00025261351541279133,
    0.0005343148079972266,
    0.0004640573571393584,
    0.0004076246450951855,
    0.0006502089746457308,
    0.00042692849678229616,
    0.0005629453313644782,
    0.0005374932313091598,
    0.0006210715062181975,
    0.0010764341925256272,
    0.0007995424971444197,
    0.0011544336925751195,
    0.001191323696326207,
    0.001212783534269349,
    0.0015512807072411564,
    0.001926833728989688,
    0.0021288667984154484,
    0.002644342101246239,
    0.0031597713602810186,
    0.003322314187201883,
    0.0038326692356180337,
    0.00425240665427412,
    0.005110391708432811,
    0.005682796913431385,
    0.006468784791043262,
    0.00745719787456775,
    0.008598791825547888,
    0.009605125408725887,
    0.01078602808996372,
    0.01235918243722102
  ],
  "gamma_above": [
    0.0002857256500313678,
    0.00039725876871769936,
    0.00010212608660482388,
    0.00041591905571651197,
    -8.94261373643598e-05,
    -4.237977445369796e-06,
    0.0001234256044189385,
    0.0003838630918374765,
    0.00048113304404102096,
    -9.747803666877888e-05,
    -0.00021812775028182997,
    0.00014067345311150352,
    0.00019235255535035914,
    0.0003802614954485665,
    5.476813651522738e-05,
    -0.0006301676449456542,
    -0.00012170123526670027,
    3.928538986614587e-05,
    -0.0002547889999295322,
    9.952440769747488e-05,
    -0.0002575536632690584,
    0.0008442137649773756,
    0.00043802249679713516,
    9.341459288650193e-05,
    -4.9778584315977734e-05,
    -0.00010097317725607204,
    0.0008082774696669597,
    -0.00015850374115939828,
    -0.0001238395982842174,
    0.0006528038815745217,
    0.0007178939917209157,
    -0.00030162123384667837,
    0.0007485405302699113,
    0.0005824713795727264,
    0.0009104563054750429,
    0.0008901831103691209,
    0.0008899330860014459,
    0.0014427970492734898,
    0.0016630948009032354,
    0.0013951612991057016,
    0.0011189416973458317,
    0.001984017919654,
    0.002367428596294044,
    0.002568183604793896,
    0.0028527685651663095,
    0.0036362796216954166,
    0.003734213260554475,
    0.0049223518055580475,
    0.005601271202988162,
    0.0067738039072324716,
    0.007262573120815179,
    0.008432230590821132,
    0.009567235171362033,
    0.010728297654281281,
    0.012415762161387652,
    0.014796064460012325,
    0.016991249375459868,
    0.01930008764248946,
    0.022578744200035677,
    0.025695688510278723
  ]
}