{
  "G": 1000000.0,
  "tau_y": 1000.0,
  "K": 1000.0,
  "n_flow": 0.5,
  "f_eq": 5.757690819772281e-07,
  "f_inf": 0.0009990169375030185,
  "theta": 9.99999936933102,
  "a": 0.999999024438027,
  "n_rejuv": 1.000007005254323
}