{
  "G": 1000000.0,
  "tau_y": 1000.0,
  "K": 1000.0,
  "n_flow": 0.5,
  "f_eq": 5.56818369352802e-07,
  "f_inf": 0.0009987712248152583,
  "theta": 9.999999201235806,
  "a": 0.9999987807947616,
  "n_rejuv": 1.0000087169026608
}