{
  "G_0": 1000.0,
  "eta_0": 1000000.0,
  "C_0": 500.0,
  "gamma_dyn_0": 1.0,
  "G_1": 100.0,
  "eta_1": 100000.0,
  "C_1": 50.0,
  "gamma_dyn_1": 1.0,
  "G_2": 10.0,
  "eta_2": 10000.0,
  "C_2": 5.0,
  "gamma_dyn_2": 1.0,
  "m": 1.0,
  "sigma_y0": 0.4427488718724375,
  "delta_sigma_y": 5.100385343714472e-07,
  "tau_thix": 436788792.26064277,
  "Gamma": 9770.78378427993,
  "eta_inf": 0.5045704257557676,
  "mu_p": 0.00279865181469553,
  "alpha_structure": 0.6999999932456961
}