{
  "is_glass": true,
  "epsilon": 0.04985759261281375,
  "v2_critical": 4.0,
  "f_neq": 0.23812753437618292,
  "lambda_exponent": 1.0
}