{
  "v2": 4.199430370451255,
  "Gamma": 52.27146817670319,
  "gamma_c": 0.09432252300658876,
  "G_inf": 999944.1496835407
}