{
  "eta_p": 14.320653486099024,
  "lambda_1": 26.212814384717703,
  "alpha": 5.722531596806177e-10,
  "eta_s": 0.1779366033568869
}