{
  "eta_p": 999999.9999000105,
  "lambda_1": 4.922718715971303,
  "alpha": 0.3,
  "eta_s": 1.0720154623090168
}