{
  "eta_p": 999999.9999000105,
  "lambda_1": 4.922718581916641,
  "alpha": 0.3,
  "eta_s": 1.048216744509398
}