{
  "G0": 1.0,
  "sigma_y": 50.12477709423734,
  "chi_inf": 0.25638897617998857,
  "tau0": 0.0004442798860413775,
  "epsilon0": 0.1,
  "c0": 1.0,
  "ez": 0.39195576170864094,
  "tau_beta": 1.0
}