{
  "is_glass": false,
  "epsilon": -0.8314661252323143,
  "v2_critical": 3.942955554967282,
  "f_neq": 0.0,
  "lambda_exponent": 0.9857359877370723
}