{
  "v2": 0.6645215777154062,
  "Gamma": 1294.0996534965464,
  "gamma_c": 0.010000000000000002,
  "G_inf": 517452.0356305187
}