{
  "eta_0": 9620696.95741758,
  "eta_inf": 0.013859445406214779,
  "t_eq": 100.0,
  "a": 1.5952592434423212,
  "c": 0.18317293122019906
}