{
  "eta_0": 9999999.999988517,
  "eta_inf": 0.018934760848990113,
  "t_eq": 100.0,
  "a": 1.6770981507185927,
  "c": 0.18915729996964897
}