{
  "is_glass": true,
  "epsilon": 0.05086769633527982,
  "v2_critical": 3.999999999899877,
  "f_neq": 0.2378986439996765,
  "lambda_exponent": 0.9999999999749691
}