{
  "v2": 4.203470785235903,
  "Gamma": 2.309878741946108,
  "gamma_c": 0.10537845974855418,
  "G_inf": 1000.8945714478051
}