{
  "G0": 179131.07516844847,
  "sigma_y": 2985375.4493938824,
  "chi_inf": 0.14969479691658202,
  "tau0": 0.002348705708211123,
  "epsilon0": 0.09978870619542954,
  "c0": 1.0000000000000098,
  "ez": 1.009390832169002,
  "tau_beta": 1.0
}