{
  "G": 1000000.0,
  "tau_y": 1000.0,
  "K": 1000.0,
  "n_flow": 0.5,
  "f_eq": 1.0004362696190641e-06,
  "f_inf": 0.001998516029108133,
  "theta": 10.000000358852162,
  "a": 1.0000000355617051,
  "n_rejuv": 1.0000000016172816
}