{
  "0.69": {
    "G": 1000000.0,
    "tau_y": 1000.0,
    "K": 1000.0,
    "n_flow": 0.5,
    "f_eq": 1.0011367829662925e-06,
    "f_inf": 0.0019988018845298037,
    "theta": 10.000000735244315,
    "a": 1.000000072861357,
    "n_rejuv": 1.0000000025573519,
    "R2": -16550139.588636769
  },
  "0.7": {
    "G": 1000000.0,
    "tau_y": 1000.0,
    "K": 1000.0,
    "n_flow": 0.5,
    "f_eq": 1.0006466180143431e-06,
    "f_inf": 0.0019987838041893306,
    "theta": 10.00000046661651,
    "a": 1.0000000462411747,
    "n_rejuv": 1.0000000018520332,
    "R2": -13784831.245073775
  },
  "0.72": {
    "G": 1000000.0,
    "tau_y": 1000.0,
    "K": 1000.0,
    "n_flow": 0.5,
    "f_eq": 1.000573592682656e-06,
    "f_inf": 0.001998742580872889,
    "theta": 10.000000432462967,
    "a": 1.0000000428569564,
    "n_rejuv": 1.0000000017857011,
    "R2": -10003916.846229475
  },
  "0.74": {
    "G": 1000000.0,
    "tau_y": 1000.0,
    "K": 1000.0,
    "n_flow": 0.5,
    "f_eq": 1.0005271400081618e-06,
    "f_inf": 0.0019986893751418053,
    "theta": 10.000000411363736,
    "a": 1.0000000407661152,
    "n_rejuv": 1.0000000017431023,
    "R2": -7035695.786043033
  },
  "0.76": {
    "G": 1000000.0,
    "tau_y": 1000.0,
    "K": 1000.0,
    "n_flow": 0.5,
    "f_eq": 1.0004751357218907e-06,
    "f_inf": 0.0019986089190433716,
    "theta": 10.000000382518564,
    "a": 1.0000000379070526,
    "n_rejuv": 1.0000000016750727,
    "R2": -4567583.178730209
  },
  "0.8": {
    "G": 1000000.0,
    "tau_y": 1000.0,
    "K": 1000.0,
    "n_flow": 0.5,
    "f_eq": 1.0004362696190641e-06,
    "f_inf": 0.001998516029108133,
    "theta": 10.000000358852162,
    "a": 1.0000000355617051,
    "n_rejuv": 1.0000000016172816,
    "R2": -3027168.0349376565
  }
}