{
  "is_glass": true,
  "phi": 0.5500309120731579,
  "phi_mct": 0.516,
  "phi_rcp": 0.64,
  "S_max": 4.3492082865619235,
  "k_peak": 7156565.656565657
}