{
  "phi": 0.5500309120731579,
  "D0": 9.996566106170329e-11,
  "gamma_c": 0.09996909369768078
}