{
  "G0": 4947.7162645183225,
  "k_d": 1.9734659841208475
}