{
  "is_banding": false,
  "relative_variation": 0.006231843243838991,
  "band_contrast": 1.0177661834579135,
  "band_width_um": 440.0,
  "band_location_mm": 0.5
}