{
  "0.01": {
    "e_1": 0.24827257205725517,
    "e_3": 3.764892043955914e-17,
    "e_5": 3.5466963567432064e-17,
    "v_1": 0.08825352984467633,
    "v_3": -5.4895935421900375e-05,
    "v_5": -9.337321478869814e-05,
    "e_3_e_1": 1.5164349459785177e-16,
    "e_5_e_1": 1.4285494073526929e-16,
    "v_3_v_1": -0.0006220253798178457,
    "v_5_v_1": -0.0010580111067855565
  },
  "0.1": {
    "e_1": 2.482725720572552,
    "e_3": 3.6369561876026246e-16,
    "e_5": 5.855775933594209e-16,
    "v_1": 0.8825352984467633,
    "v_3": -0.00054895935421916,
    "v_5": -0.0009337321478865221,
    "e_3_e_1": 1.4649045432066053e-16,
    "e_5_e_1": 2.3586076726364215e-16,
    "v_3_v_1": -0.0006220253798180227,
    "v_5_v_1": -0.001058011106785036
  },
  "0.5": {
    "e_1": 11.482606457648053,
    "e_3": -0.31034071507156774,
    "e_5": 1.1544584732625651e-15,
    "v_1": 4.302359338933014,
    "v_3": 0.10761666162650267,
    "v_5": -0.004668668490314259,
    "e_3_e_1": -0.027027027027026918,
    "e_5_e_1": 1.0053975789561539e-16,
    "v_3_v_1": 0.025013406168251772,
    "v_5_v_1": -0.001085141459028406
  },
  "2.0": {
    "e_1": 45.93042583059221,
    "e_3": -1.241362860286271,
    "e_5": 4.6178338930502605e-15,
    "v_1": 17.209437355732057,
    "v_3": 0.4304666465060107,
    "v_5": -0.018674673961257035,
    "e_3_e_1": -0.027027027027026918,
    "e_5_e_1": 1.0053975789561539e-16,
    "v_3_v_1": 0.025013406168251772,
    "v_5_v_1": -0.001085141459028406
  }
}