{
  "0.01": {
    "e_1": 7.777925653605631e-07,
    "e_3": 3.5998900258307764e-21,
    "e_5": -1.1286714022163552e-19,
    "v_1": 0.0015997566776703052,
    "v_3": -9.974242136563875e-07,
    "v_5": -1.6990270607805117e-06,
    "e_3_e_1": 4.628342036365399e-15,
    "e_5_e_1": -1.4511213561075045e-13,
    "v_3_v_1": -0.0006234849509169839,
    "v_5_v_1": -0.0010620534263090385
  },
  "0.1": {
    "e_1": 7.777925653605483e-06,
    "e_3": -4.336808689942018e-19,
    "e_5": -9.24959978401696e-19,
    "v_1": 0.01599756677670305,
    "v_3": -9.974242136565365e-06,
    "v_5": -1.6990270607805327e-05,
    "e_3_e_1": -5.5757908767508925e-14,
    "e_5_e_1": -1.1892116479320262e-13,
    "v_3_v_1": -0.0006234849509170772,
    "v_5_v_1": -0.0010620534263090517
  },
  "0.5": {
    "e_1": 3.5972906147923935e-05,
    "e_3": -9.722407067014481e-07,
    "e_5": -7.914675859144182e-18,
    "v_1": 0.0779881333439792,
    "v_3": 0.001950632447727228,
    "v_5": -8.495147406512027e-05,
    "e_3_e_1": -0.027027027027049302,
    "e_5_e_1": -2.2001769405558448e-13,
    "v_3_v_1": 0.025011913532070964,
    "v_5_v_1": -0.0010892871828388064
  },
  "2.0": {
    "e_1": 0.00014389162459169574,
    "e_3": -3.888962826805793e-06,
    "e_5": -3.165870343657673e-17,
    "v_1": 0.3119525333759168,
    "v_3": 0.007802529790908912,
    "v_5": -0.0003398058962604811,
    "e_3_e_1": -0.027027027027049302,
    "e_5_e_1": -2.2001769405558448e-13,
    "v_3_v_1": 0.025011913532070964,
    "v_5_v_1": -0.0010892871828388064
  }
}