{
  "0.01": {
    "I_1": 0.2634948838645813,
    "phi_1": -1.2292241323408424,
    "I_3": 6.254742627836233e-18,
    "phi_3": -1.8375008791274101,
    "I_5": 6.106391034007584e-18,
    "phi_5": 1.2753302666971793,
    "I_7": 4.871978004771679e-18,
    "phi_7": 2.3955442465809504,
    "I_3_I_1": 2.3737624564470675e-17,
    "I_5_I_1": 2.317460948177597e-17,
    "I_7_I_1": 1.8489839094088632e-17
  },
  "0.1": {
    "I_1": 2.634948838645813,
    "phi_1": -1.2292241323408422,
    "I_3": 3.384115287100094e-17,
    "phi_3": -1.483467538750583,
    "I_5": 5.545933682174294e-17,
    "phi_5": 1.0398755641273776,
    "I_7": 6.519653037220149e-17,
    "phi_7": -2.5646597085723326,
    "I_3_I_1": 1.2843191630389691e-17,
    "I_5_I_1": 2.1047595311279487e-17,
    "I_7_I_1": 2.4742996682132216e-17
  },
  "0.5": {
    "I_1": 12.262314111679236,
    "phi_1": -1.2122682037915564,
    "I_3": 0.3293686048307268,
    "phi_3": -1.2292241323408442,
    "I_5": 2.8396389167964306e-16,
    "phi_5": 1.4598439586885585,
    "I_7": 2.2131155843786808e-16,
    "phi_7": 2.9841757808632026,
    "I_3_I_1": 0.026860232239281797,
    "I_5_I_1": 2.3157447207226712e-17,
    "I_7_I_1": 1.804810710460271e-17
  },
  "2.0": {
    "I_1": 49.049256446716946,
    "phi_1": -1.2122682037915564,
    "I_3": 1.317474419322907,
    "phi_3": -1.2292241323408442,
    "I_5": 1.1358555667185722e-15,
    "phi_5": 1.4598439586885585,
    "I_7": 8.852462337514723e-16,
    "phi_7": 2.9841757808632026,
    "I_3_I_1": 0.026860232239281797,
    "I_5_I_1": 2.3157447207226712e-17,
    "I_7_I_1": 1.804810710460271e-17
  }
}