{
  "0.01": {
    "I_1": 0.001599921255083558,
    "phi_1": -0.0004861442983688298,
    "I_3": 9.168637766877285e-20,
    "phi_3": 0.9266435012625267,
    "I_5": 1.1691700021044973e-20,
    "phi_5": 1.1581668478516545,
    "I_7": 6.483313309782143e-20,
    "phi_7": 2.488986875437672,
    "I_3_I_1": 5.730680643028548e-17,
    "I_5_I_1": 7.307672164424341e-18,
    "I_7_I_1": 4.052270253415405e-17
  },
  "0.1": {
    "I_1": 0.01599921255083558,
    "phi_1": -0.0004861442983688186,
    "I_3": 6.707194534290503e-19,
    "phi_3": 0.8740545801847572,
    "I_5": 3.7147279431592995e-19,
    "phi_5": 2.232480694618901,
    "I_7": 3.9289651234686567e-19,
    "phi_7": 2.4906537322424325,
    "I_3_I_1": 4.1922029055987574e-17,
    "I_5_I_1": 2.321819234138053e-17,
    "I_7_I_1": 2.4557240620342038e-17
  },
  "0.5": {
    "I_1": 0.07799616026426336,
    "phi_1": -0.0004612138251603994,
    "I_3": 0.00199990156885445,
    "phi_3": -0.00048614429836759727,
    "I_5": 3.2253417642677267e-18,
    "phi_5": 1.6397389246051548,
    "I_7": 2.199848279894437e-18,
    "phi_7": 2.7987759187399543,
    "I_3_I_1": 0.02564102594382168,
    "I_5_I_1": 4.135257111811348e-17,
    "I_7_I_1": 2.8204571512764246e-17
  },
  "2.0": {
    "I_1": 0.3119846410570534,
    "phi_1": -0.0004612138251603994,
    "I_3": 0.0079996062754178,
    "phi_3": -0.00048614429836759727,
    "I_5": 1.2901367057070907e-17,
    "phi_5": 1.6397389246051548,
    "I_7": 8.799393119577748e-18,
    "phi_7": 2.7987759187399543,
    "I_3_I_1": 0.02564102594382168,
    "I_5_I_1": 4.135257111811348e-17,
    "I_7_I_1": 2.8204571512764246e-17
  }
}