{
  "G": 187801.73972935454,
  "tau_y": 831.364143038013,
  "K": 738.7625544257262,
  "n_flow": 1.9352146224175548,
  "f_eq": 2.998436481139725e-08,
  "f_inf": 0.0001891244949270136,
  "theta": 0.2627358803623611,
  "a": 1.0,
  "n_rejuv": 1.0
}