{
  "0.01": {
    "I_1": 0.005135771742945332,
    "I_3": 3.840391537813754e-08,
    "I_5": 1.9425188778203213e-08,
    "I_3_I_1": 7.477730183567921e-06,
    "I_5_I_1": 3.78233102062729e-06
  },
  "0.1": {
    "I_1": 0.051358052321454385,
    "I_3": 2.866168791481484e-07,
    "I_5": 4.1292393977740807e-07,
    "I_3_I_1": 5.580758346406697e-06,
    "I_5_I_1": 8.040101232672967e-06
  },
  "0.5": {
    "I_1": 0.2567896929934032,
    "I_3": 1.959099944685107e-06,
    "I_5": 2.2932324789673516e-06,
    "I_3_I_1": 7.629200073600444e-06,
    "I_5_I_1": 8.930391450821445e-06
  },
  "2.0": {
    "I_1": 1.0271066326783878,
    "I_3": 1.415463463906236e-05,
    "I_5": 6.875403967615443e-06,
    "I_3_I_1": 1.3781076072064003e-05,
    "I_5_I_1": 6.693953430800501e-06
  }
}