{
  "0.01": {
    "I_1": 0.005158544553357564,
    "I_3": 6.54781498168757e-08,
    "I_5": 5.475092048903569e-08,
    "I_3_I_1": 1.269314418817177e-05,
    "I_5_I_1": 1.0613637223196943e-05
  },
  "0.1": {
    "I_1": 0.051584966924157524,
    "I_3": 4.544571730759148e-07,
    "I_5": 5.1423928228792e-07,
    "I_3_I_1": 8.809876213433996e-06,
    "I_5_I_1": 9.968781855457562e-06
  },
  "0.5": {
    "I_1": 0.25792246152427617,
    "I_3": 1.1814533935107501e-06,
    "I_5": 1.6106034955860851e-06,
    "I_3_I_1": 4.580653373609143e-06,
    "I_5_I_1": 6.244525917082611e-06
  },
  "2.0": {
    "I_1": 1.0316340925932355,
    "I_3": 2.6741624692186906e-05,
    "I_5": 4.690899741191797e-06,
    "I_3_I_1": 2.5921617833476255e-05,
    "I_5_I_1": 4.547057696978786e-06
  }
}