{
  "G0": 1000.0,
  "sigma_y": 50.12518294350407,
  "chi_inf": 0.2566794119628868,
  "tau0": 0.00044971117645645876,
  "epsilon0": 0.1,
  "c0": 1.0,
  "ez": 0.39041142393935185,
  "tau_beta": 1.0
}