{
  "G": 283.05998294583,
  "eta": 31352549.786258332,
  "C": 494.27266157873316,
  "gamma_dyn": 1.9240628368604824,
  "m": 1.0123533085524181,
  "sigma_y0": 9.985618470537334,
  "delta_sigma_y": 49.916063682271144,
  "tau_thix": 94.25221812085427,
  "Gamma": 2.7285997621851896,
  "alpha_structure": 0.7029729376257633,
  "eta_inf": 0.09985842386702533,
  "mu_p": 0.0010000025686188027
}