{
  "phi": 0.5500309120731579,
  "D0": 1.0000000100019097e-10,
  "gamma_c": 0.09996909369768078
}