{
  "gamma_0": 1.0,
  "omega": 1.0,
  "Wi": 1533.9029920974656,
  "De": 1533.9029920974656,
  "I1": 20.563813352130097,
  "I3": 0.012972316951248865,
  "I5": 0.007230857482157998,
  "I3_I1": 0.0006308322648680884,
  "I5_I1": 0.00035163018445744603,
  "alpha": 0.2093417059732355
}