{
  "G_0": 108.93891886178658,
  "tau_b_0": 0.11515943615810216,
  "G_1": 108.05116508663649,
  "tau_b_1": 0.11446172441551286,
  "eta_s": 0.6884992096645525
}