{
  "G": 7.837159096803408,
  "tau_b": 0.0002174689096933564,
  "eta_s": 1.036378418246523
}