{
  "G": 528165.969659272,
  "tau_y": 2414.440146144332,
  "K": 1011.6732917504033,
  "n_flow": 1.9919099954319115,
  "f_eq": 4.415238474099571e-06,
  "f_inf": 0.0018138418605112053,
  "theta": 14.829067033668865,
  "a": 1.0392773587246864,
  "n_rejuv": 1.0
}