{
  "G": 1.002118670380628,
  "tau_b": 0.7333547400206786,
  "eta_s": 1.1623981013873577e-12
}