{
  "G_1": 500.0,
  "C_1": 3822.1777019835095,
  "gamma_dyn_1": 4323.399759745608,
  "sigma_y0_1": 0.6641233279308112,
  "delta_sigma_y_1": 1.1083324588205545e-05,
  "tau_thix_1": 1269082927.599483,
  "Gamma_1": 9953.673667031806,
  "G_2": 500.3008548823036,
  "C_2": 250.0013449981898,
  "gamma_dyn_2": 1.0130899109052656,
  "sigma_y0_2": 0.664123378579861,
  "delta_sigma_y_2": 3.188029284795224e-05,
  "tau_thix_2": 2547026545.6022644,
  "Gamma_2": 9940.756685297383,
  "eta_inf": 0.5129663797175279
}