{
  "G_1": 48501006.88995761,
  "C_1": 986006798.7867466,
  "gamma_dyn_1": 9691.077803183887,
  "sigma_y0_1": 0.58349246233808,
  "delta_sigma_y_1": 534799034.51410973,
  "tau_thix_1": 273422175205.96567,
  "Gamma_1": 1550.9047100126736,
  "G_2": 480793986.9856259,
  "C_2": 859096922.5592747,
  "gamma_dyn_2": 1906.3416191381393,
  "sigma_y0_2": 0.9206842875738117,
  "delta_sigma_y_2": 589862445.7535774,
  "tau_thix_2": 769875384882.5994,
  "Gamma_2": 7168.53993945437,
  "eta_inf": 0.5054862460530684
}