{
  "G0": 2537.2535053920255,
  "k_d": 1.0221128338575936
}