{
  "G": 1.4261160784464963,
  "tau_b": 36.81440785877858,
  "eta_s": 9574.01328360293
}