{
  "is_glass": false,
  "epsilon": -0.8650252964680125,
  "v2_critical": 3.7043978387702707,
  "f_neq": 0.0,
  "lambda_exponent": 0.9256936511834106
}