{
  "v2": 0.5000000000525527,
  "Gamma": 1.021628609157184,
  "gamma_c": 0.09990023884878856,
  "G_inf": 1003.1719394573705
}